product_category_name,product_category_name_english
ut massa,nec euismod
lectus in,maecenas tristique
varius nulla,maecenas tristique
in hac,tincidunt lacus
mauris laoreet,sed accumsan
eleifend pede,a suscipit
id pretium,sit amet
vulputate vitae,vitae nisl
justo etiam,sodales sed
est congue,est risus
non ligula,est congue
ligula sit,mauris sit
justo aliquam,vulputate elementum
parturient montes,erat vestibulum
lacus curabitur,leo odio
quis orci,magna vestibulum
ac consequat,quisque porta
id lobortis,accumsan odio
pellentesque eget,vel accumsan
justo sollicitudin,et tempus
eu magna,est phasellus
pellentesque viverra,vulputate nonummy
donec dapibus,aliquam erat
molestie lorem,aliquet pulvinar
aenean auctor,dui vel
luctus et,eget semper
neque duis,tellus semper
in hac,in tempor
blandit mi,congue risus
lobortis convallis,nam congue
convallis nunc,ut dolor
volutpat in,vehicula consequat
massa quis,congue diam
tristique fusce,tempus semper
bibendum imperdiet,vel sem
eget eleifend,risus semper
mus etiam,in faucibus
eu mi,duis at
hac habitasse,molestie lorem
sapien non,tortor eu
tincidunt in,ante vivamus
libero ut,pede ullamcorper
cubilia curae,id ligula
luctus nec,habitasse platea
varius nulla,accumsan felis
quis turpis,in felis
sagittis dui,at velit
mauris enim,suscipit a
dui vel,suspendisse accumsan
luctus rutrum,integer ac
in felis,quam nec
morbi vel,iaculis justo
consequat varius,pede justo
lectus in,in lacus
sapien in,aliquet ultrices
sapien sapien,mi integer
ultrices enim,ultrices posuere
ultrices posuere,etiam pretium
quisque ut,posuere cubilia
interdum mauris,cum sociis
sed sagittis,sed justo
ipsum primis,risus dapibus
ut at,suspendisse potenti
lobortis est,aliquam convallis
platea dictumst,at feugiat
in lacus,ipsum primis
habitasse platea,lacus curabitur
porttitor pede,ut dolor
aliquet ultrices,ut rhoncus
dolor quis,curae duis
quam fringilla,ut volutpat
vestibulum quam,at lorem
cursus urna,nulla tempus
blandit mi,nec condimentum
consequat nulla,maecenas tincidunt
in consequat,velit id
quam sapien,velit donec
suspendisse potenti,massa volutpat
justo nec,odio cras
nam congue,duis bibendum
odio consequat,posuere cubilia
ut nunc,sem mauris
dui vel,integer non
congue vivamus,aliquet massa
in felis,platea dictumst
eget elit,luctus rutrum
dis parturient,orci luctus
enim lorem,scelerisque mauris
quam sollicitudin,nunc vestibulum
dapibus augue,consequat morbi
ut mauris,magna ac
justo in,vitae mattis
parturient montes,aenean lectus
imperdiet et,lorem vitae
libero nam,nulla nisl
nulla tempus,integer a
velit donec,volutpat erat
ut nunc,in tempus
odio porttitor,odio condimentum
habitasse platea,nullam molestie
mauris ullamcorper,eleifend luctus
proin at,faucibus cursus
convallis tortor,enim leo
ultrices phasellus,neque duis
nulla ut,aliquet pulvinar
in hac,suspendisse potenti
laoreet ut,enim lorem
donec diam,turpis eget
vivamus tortor,nulla ac
justo etiam,proin interdum
donec posuere,potenti in
nulla suspendisse,pellentesque volutpat
in faucibus,vulputate nonummy
enim blandit,lacus morbi
condimentum id,eu mi
congue risus,convallis tortor
odio in,pellentesque ultrices
dolor sit,pretium quis
ac nulla,dapibus nulla
elementum nullam,nec sem
lobortis sapien,purus eu
erat id,libero convallis
sodales sed,pellentesque eget
enim in,velit eu
imperdiet sapien,elit proin
libero nam,nisl aenean
ante nulla,sapien a
ligula in,platea dictumst
blandit lacinia,ipsum dolor
aliquet maecenas,metus aenean
suscipit nulla,sapien a
vestibulum velit,nulla integer
est congue,orci luctus
faucibus cursus,lectus pellentesque
amet cursus,amet consectetuer
sed lacus,volutpat in
quis justo,id nulla
in eleifend,at vulputate
varius nulla,mus etiam
justo eu,rutrum neque
turpis donec,maecenas leo
in imperdiet,cursus vestibulum
pharetra magna,nisi volutpat
convallis duis,nulla justo
donec odio,in blandit
sem sed,vivamus vel
morbi odio,morbi non
viverra dapibus,morbi quis
urna ut,odio porttitor
purus sit,in purus
hac habitasse,diam nam
ut tellus,laoreet ut
vulputate vitae,ligula vehicula
hac habitasse,massa donec
proin interdum,diam in
nec euismod,non lectus
nisl venenatis,libero non
amet diam,ipsum praesent
id massa,aenean fermentum
vestibulum vestibulum,consequat in
nisi venenatis,donec ut
turpis donec,semper porta
nam tristique,lacus morbi
curae nulla,sed vel
hac habitasse,congue elementum
erat eros,posuere cubilia
eu mi,lacus morbi
sit amet,sem praesent
lectus pellentesque,id consequat
metus arcu,cras mi
ornare imperdiet,pretium quis
potenti cras,nunc commodo
primis in,justo etiam
diam cras,posuere metus
mauris non,faucibus orci
pellentesque eget,erat nulla
pellentesque ultrices,posuere cubilia
integer a,cum sociis
purus aliquet,sapien ut
est phasellus,tempus sit
erat nulla,in hac
quis lectus,adipiscing lorem
tempor turpis,sapien varius
convallis nunc,neque libero
sed nisl,vitae ipsum
nisi vulputate,ut ultrices
suspendisse potenti,lorem ipsum
sit amet,lacinia nisi
erat eros,diam cras
id pretium,vivamus vestibulum
feugiat non,metus sapien
duis faucibus,lorem id
lorem integer,morbi non
odio justo,nec nisi
arcu adipiscing,est phasellus
condimentum neque,lorem vitae
in hac,dictumst etiam
convallis duis,id mauris
dapibus augue,at nulla
pellentesque at,posuere nonummy
lacinia aenean,vestibulum quam
pretium nisl,suspendisse ornare
imperdiet et,aliquet maecenas
quis libero,in sagittis
dapibus at,metus arcu
magna vulputate,at lorem
dictumst maecenas,molestie sed
at turpis,pede justo
est phasellus,cubilia curae
vulputate nonummy,quis augue
sit amet,tincidunt ante
proin eu,morbi quis
metus aenean,enim lorem
quam fringilla,lorem ipsum
tincidunt lacus,vestibulum ante
lorem ipsum,sit amet
sit amet,luctus tincidunt
velit eu,in lacus
dictumst etiam,morbi porttitor
massa donec,fusce congue
molestie hendrerit,in tempor
molestie hendrerit,ligula in
ligula pellentesque,sapien placerat
amet sapien,lorem quisque
nascetur ridiculus,ligula nec
sed lacus,rhoncus aliquet
est phasellus,diam erat
aenean sit,montes nascetur
nunc commodo,sapien dignissim
quis augue,ipsum primis
dui nec,odio cras
erat id,rhoncus aliquet
in quis,ridiculus mus
sed nisl,curae nulla
blandit nam,aliquam augue
in sapien,vel pede
libero nullam,volutpat dui
diam in,gravida nisi
volutpat dui,ultrices libero
maecenas rhoncus,ante vivamus
sed ante,dui maecenas
nec euismod,cras non
volutpat erat,potenti in
in eleifend,lorem quisque
posuere cubilia,turpis a
lectus suspendisse,vel pede
maecenas tincidunt,eleifend luctus
at feugiat,eleifend luctus
consectetuer eget,aliquam sit
malesuada in,ante ipsum
semper porta,ultrices aliquet
in purus,tempus sit
nam ultrices,ut at
elit proin,mus vivamus
sit amet,odio cras
magna bibendum,morbi quis
nulla suspendisse,adipiscing molestie
diam erat,vitae quam
malesuada in,interdum mauris
integer non,vestibulum aliquet
odio porttitor,rutrum nulla
in faucibus,sem duis
congue etiam,in imperdiet
sed accumsan,sem duis
at feugiat,eget orci
justo nec,sed justo
nunc rhoncus,sociis natoque
in faucibus,diam cras
mi sit,semper rutrum
ante vel,id massa
a libero,libero quis
ac enim,mi nulla
sed ante,eu tincidunt
mauris laoreet,ligula nec
amet turpis,erat eros
vel nulla,id luctus
viverra diam,id massa
non interdum,fusce posuere
morbi non,sapien iaculis
metus aenean,cursus vestibulum
arcu sed,morbi vel
leo odio,urna pretium
eget semper,accumsan odio
maecenas ut,nisi venenatis
in libero,sit amet
nulla justo,enim sit
curae nulla,pede morbi
in faucibus,in sapien
posuere nonummy,donec diam
commodo placerat,urna ut
morbi sem,montes nascetur
et ultrices,ut erat
sapien quis,dui luctus
nullam sit,ac nulla
mauris sit,nisi nam
proin eu,sed tristique
non pretium,morbi non
non mi,vitae quam
consectetuer eget,lacus at
volutpat sapien,nisi vulputate
mauris enim,at ipsum
ut erat,velit nec
tincidunt lacus,in faucibus
curabitur in,quam nec
nibh quisque,molestie hendrerit
ac enim,pretium iaculis
elit sodales,potenti cras
praesent id,aliquam sit
mauris viverra,tristique est
nulla nisl,leo pellentesque
vitae nisi,primis in
ornare imperdiet,bibendum morbi
pulvinar nulla,vulputate ut
nam tristique,varius ut
primis in,fusce posuere
habitasse platea,cras pellentesque
a feugiat,praesent lectus
nonummy maecenas,primis in
pede lobortis,est lacinia
lacus at,tincidunt in
commodo placerat,integer aliquet
lacinia eget,at ipsum
habitasse platea,fringilla rhoncus
non quam,augue vel
vestibulum ante,id turpis
blandit ultrices,tempus sit
ac est,in lectus
pretium iaculis,eget eleifend
phasellus id,duis bibendum
nec sem,sit amet
iaculis congue,vivamus metus
luctus et,potenti in
imperdiet et,sit amet
consequat lectus,ligula vehicula
nullam sit,nibh ligula
semper rutrum,vel nisl
eu est,lectus pellentesque
molestie nibh,ante vestibulum
etiam pretium,rutrum ac
at velit,sit amet
aliquam lacus,viverra pede
suscipit ligula,praesent lectus
sem praesent,integer tincidunt
sapien a,augue a
tellus nulla,in imperdiet
ipsum primis,augue aliquam
in magna,condimentum neque
ac enim,pede justo
proin risus,in tempus
cubilia curae,sed tristique
felis fusce,justo in
in faucibus,nisi venenatis
penatibus et,est congue
suspendisse potenti,libero convallis
enim leo,pellentesque volutpat
pellentesque eget,sit amet
posuere cubilia,vel pede
metus sapien,tincidunt eget
et magnis,felis ut
amet justo,posuere cubilia
id pretium,tempus sit
magnis dis,nulla elit
orci luctus,scelerisque quam
nulla suspendisse,sed nisl
eu nibh,in sapien
est et,pellentesque eget
bibendum morbi,congue eget
condimentum neque,vestibulum ante
ut suscipit,ac nibh
ornare imperdiet,sed justo
lacinia sapien,mauris laoreet
condimentum curabitur,varius integer
molestie hendrerit,neque duis
luctus cum,integer non
integer ac,nisi eu
ante ipsum,non ligula
odio condimentum,at ipsum
fusce consequat,dapibus augue
in faucibus,nulla ac
sapien cursus,ante vivamus
ut volutpat,mi nulla
a pede,venenatis turpis
at lorem,elementum eu
sagittis nam,ut odio
vestibulum vestibulum,at lorem
morbi a,ipsum primis
mattis egestas,magna at
vel lectus,sapien dignissim
condimentum neque,volutpat in
vestibulum ante,pede malesuada
ultrices mattis,nulla neque
sociis natoque,eget tempus
aliquet pulvinar,proin leo
lectus pellentesque,libero quis
convallis nunc,nunc purus
eros vestibulum,in faucibus
odio justo,malesuada in
vivamus vel,vel lectus
sit amet,eu massa
at nulla,cras pellentesque
non pretium,orci luctus
sollicitudin ut,eget congue
nulla ultrices,dolor sit
mi sit,quis augue
in hac,mauris non
consequat nulla,nulla nunc
porta volutpat,odio cras
elementum in,adipiscing lorem
in est,morbi quis
ornare consequat,platea dictumst
curae mauris,nullam orci
pede morbi,felis eu
ut nunc,ultricies eu
rhoncus aliquet,adipiscing elit
lacus at,vestibulum ac
quam a,laoreet ut
etiam faucibus,nec condimentum
eget orci,velit vivamus
commodo placerat,quis odio
consequat nulla,justo in
quam pharetra,in est
quis libero,donec vitae
cras in,venenatis turpis
sit amet,sodales scelerisque
sapien cum,quisque arcu
vestibulum quam,vitae mattis
interdum eu,eros vestibulum
consequat varius,eu sapien
consequat dui,leo odio
auctor sed,et commodo
faucibus accumsan,lacinia erat
rhoncus aliquet,ut ultrices
justo maecenas,quis turpis
massa id,vitae ipsum
semper porta,augue quam
est lacinia,congue diam
morbi sem,vestibulum velit
rutrum at,sed nisl
vulputate ut,ipsum primis
fermentum justo,et eros
consequat lectus,sed sagittis
non velit,phasellus id
eros vestibulum,est lacinia
nisi at,nonummy integer
tellus nulla,orci luctus
amet cursus,magna vestibulum
lectus pellentesque,aliquet maecenas
nec dui,fusce lacus
accumsan odio,dolor vel
nulla tellus,ligula nec
velit nec,justo nec
ac tellus,amet eleifend
neque libero,erat nulla
eu tincidunt,orci vehicula
at diam,metus aenean
vestibulum quam,ut odio
sed augue,vitae nisi
dolor morbi,condimentum neque
lectus in,id nulla
morbi vestibulum,non mi
libero ut,vestibulum ac
eros suspendisse,pharetra magna
nisi vulputate,vestibulum quam
vel nisl,scelerisque mauris
vestibulum ante,blandit mi
rhoncus aliquam,urna pretium
aliquet maecenas,venenatis lacinia
imperdiet sapien,congue elementum
molestie lorem,nulla quisque
aliquam erat,enim blandit
volutpat convallis,lacinia aenean
tempor turpis,nulla mollis
non velit,odio elementum
platea dictumst,volutpat eleifend
vel lectus,tristique tortor
congue eget,tincidunt ante
primis in,erat vestibulum
lorem ipsum,sapien dignissim
aliquam non,id ornare
pulvinar nulla,fringilla rhoncus
vivamus tortor,montes nascetur
nec euismod,vestibulum eget
interdum venenatis,aenean sit
tristique in,velit nec
sodales sed,in ante
eget vulputate,eleifend quam
nunc proin,amet consectetuer
dolor vel,metus vitae
ante ipsum,quam sollicitudin
morbi vestibulum,erat fermentum
mattis pulvinar,dapibus augue
suspendisse potenti,at ipsum
sapien a,fermentum donec
elementum ligula,ut suscipit
ut at,a libero
orci luctus,nisl ut
sed tristique,primis in
suspendisse accumsan,elit proin
libero ut,semper est
mauris vulputate,tincidunt nulla
amet consectetuer,nulla ut
justo in,cras non
nulla tempus,pede malesuada
vel augue,a ipsum
ipsum praesent,vitae nisl
ultrices mattis,libero rutrum
mattis pulvinar,diam neque
at turpis,risus semper
ligula in,blandit mi
lectus in,risus auctor
a libero,congue etiam
cursus urna,curabitur gravida
quis orci,vitae nisl
vivamus tortor,neque libero
habitasse platea,tellus in
vel augue,amet eleifend
montes nascetur,semper porta
at turpis,suscipit nulla
quisque ut,vulputate vitae
molestie lorem,elementum pellentesque
libero ut,sagittis sapien
neque sapien,a ipsum
ultricies eu,viverra diam
a pede,sollicitudin vitae
nunc purus,orci nullam
pede venenatis,luctus nec
amet consectetuer,ipsum primis
odio cras,nam dui
in magna,cras in
sed vestibulum,lacus morbi
mus etiam,vestibulum ac
ipsum primis,ipsum dolor
id justo,tempus sit
vulputate ut,ut tellus
ipsum primis,libero rutrum
cursus urna,ultrices vel
convallis duis,dui luctus
proin interdum,nibh ligula
non interdum,et ultrices
nulla sed,duis ac
mus vivamus,sociis natoque
lacus curabitur,sed accumsan
convallis nulla,praesent blandit
vel enim,ultrices vel
aliquet at,dictumst etiam
integer a,nunc donec
est donec,magna ac
elit sodales,nulla neque
sapien in,maecenas tincidunt
tempus semper,quis tortor
est quam,pretium quis
etiam pretium,ipsum aliquam
pretium iaculis,quisque id
augue quam,pretium iaculis
dapibus augue,justo in
augue a,platea dictumst
aliquam sit,diam vitae
lacinia aenean,orci nullam
aliquet pulvinar,dui luctus
accumsan tellus,interdum in
a nibh,non pretium
velit donec,massa donec
risus semper,interdum eu
ipsum integer,dictumst aliquam
ut dolor,convallis tortor
vestibulum velit,cubilia curae
ut ultrices,donec quis
quis orci,nisi at
ornare imperdiet,nullam sit
in consequat,eget vulputate
elementum eu,posuere felis
eget nunc,erat curabitur
eget congue,dolor quis
pulvinar lobortis,orci luctus
nisi volutpat,quis odio
ante ipsum,in lacus
non ligula,curabitur convallis
vestibulum sagittis,odio elementum
curae duis,in quam
hac habitasse,at turpis
pellentesque ultrices,vel dapibus
sapien sapien,habitasse platea
neque libero,augue vestibulum
in congue,in hac
eget semper,non ligula
neque vestibulum,vulputate justo
sed nisl,orci luctus
orci nullam,sem mauris
posuere cubilia,morbi sem
orci luctus,dapibus at
vel ipsum,amet nulla
semper est,donec ut
volutpat in,augue vestibulum
elementum eu,amet lobortis
auctor sed,quam sapien
sapien a,viverra eget
pulvinar nulla,velit vivamus
in congue,suspendisse potenti
pellentesque volutpat,eu tincidunt
curae duis,convallis duis
ut blandit,vestibulum ante
massa volutpat,eget elit
lacus at,etiam justo
et commodo,lobortis convallis
ligula vehicula,velit vivamus
luctus et,nibh ligula
massa volutpat,volutpat sapien
iaculis diam,ligula suspendisse
magnis dis,turpis a
dictumst morbi,odio odio
nunc proin,tellus semper
duis aliquam,congue eget
sit amet,consectetuer adipiscing
in eleifend,amet eros
ipsum primis,natoque penatibus
tempor turpis,porttitor lorem
luctus tincidunt,porttitor lacus
ligula suspendisse,integer aliquet
commodo placerat,donec odio
sed nisl,cras in
lacinia erat,amet eleifend
convallis eget,vestibulum ante
ligula nec,consequat ut
id consequat,duis mattis
duis consequat,quis turpis
integer pede,nibh fusce
auctor sed,duis consequat
aliquam convallis,tellus semper
pellentesque viverra,sagittis nam
orci nullam,quisque id
augue vel,at feugiat
platea dictumst,ante ipsum
id nulla,sapien sapien
pretium iaculis,elit ac
quis orci,id lobortis
dolor morbi,mi nulla
nunc nisl,odio curabitur
mattis pulvinar,lectus pellentesque
et tempus,eu est
ipsum primis,orci pede
posuere metus,justo in
velit donec,morbi a
morbi odio,ante nulla
semper rutrum,orci pede
consequat ut,cum sociis
auctor sed,lectus pellentesque
volutpat eleifend,at nunc
lacinia eget,volutpat sapien
aliquam non,eleifend donec
rhoncus sed,risus auctor
justo etiam,arcu sed
nulla nisl,ultrices erat
molestie nibh,pulvinar nulla
congue elementum,consectetuer adipiscing
potenti cras,metus aenean
in faucibus,penatibus et
donec posuere,vestibulum sit
proin risus,amet turpis
vestibulum proin,justo pellentesque
risus semper,lacus curabitur
amet nulla,est risus
at nulla,orci eget
tortor eu,at vulputate
justo aliquam,in tempus
non quam,vivamus metus
lorem integer,posuere nonummy
magna bibendum,sem fusce
augue quam,auctor sed
ligula sit,porta volutpat
cras non,turpis enim
ante vel,primis in
urna pretium,ligula vehicula
hac habitasse,blandit non
felis donec,sem praesent
donec dapibus,posuere metus
posuere metus,sed sagittis
eleifend donec,quis tortor
penatibus et,vestibulum quam
nulla ac,porttitor id
eleifend pede,primis in
justo eu,dui vel
ut at,elit proin
vitae mattis,nunc commodo
aenean fermentum,tempus sit
ut odio,duis ac
mi sit,ridiculus mus
mi nulla,sit amet
eget rutrum,cursus id
donec ut,dictumst etiam
faucibus accumsan,eget orci
vulputate justo,amet nulla
et magnis,platea dictumst
semper porta,pede morbi
vestibulum sit,quisque id
sed tincidunt,rutrum neque
venenatis tristique,maecenas rhoncus
nibh in,leo rhoncus
nibh in,semper interdum
non lectus,porta volutpat
risus auctor,vestibulum rutrum
lacinia sapien,diam nam
mattis egestas,praesent id
nisi volutpat,morbi ut
aenean lectus,at feugiat
quam turpis,nibh in
ultrices vel,eget elit
elit sodales,amet turpis
at feugiat,libero ut
nam dui,enim lorem
a pede,non mi
pretium nisl,turpis donec
nisi eu,mus etiam
sem fusce,nulla sed
varius integer,eu nibh
sed sagittis,et magnis
dui nec,augue vestibulum
mattis nibh,condimentum id
etiam pretium,velit nec
lectus in,nibh in
consequat varius,porta volutpat
porta volutpat,magnis dis
ante ipsum,posuere metus
primis in,morbi quis
varius ut,sapien non
sapien cursus,mattis nibh
condimentum neque,praesent blandit
ut at,in faucibus
felis fusce,ultrices vel
in consequat,turpis sed
at turpis,sit amet
in lectus,dui nec
orci pede,suspendisse potenti
bibendum felis,dui vel
ridiculus mus,urna ut
dapibus nulla,sed accumsan
sed justo,ac est
neque duis,elementum nullam
nulla justo,est congue
dictumst morbi,sit amet
sit amet,vivamus in
dui maecenas,ac est
felis fusce,convallis tortor
et ultrices,nulla mollis
turpis sed,vel nisl
cum sociis,varius nulla
libero non,ut volutpat
nibh in,vestibulum ante
eget semper,tincidunt lacus
rutrum ac,id ligula
orci pede,auctor sed
nisi at,in faucibus
sed tristique,rutrum neque
varius ut,maecenas ut
donec pharetra,diam nam
cubilia curae,sed magna
justo etiam,ante vestibulum
tortor quis,sit amet
donec vitae,scelerisque mauris
libero convallis,non velit
id ornare,convallis eget
nonummy integer,gravida nisi
fermentum donec,orci luctus
feugiat non,interdum in
donec odio,a nibh
habitasse platea,quisque porta
dis parturient,rhoncus aliquet
mi in,turpis enim
vivamus metus,in sagittis
amet nulla,at nibh
volutpat dui,donec pharetra
mauris lacinia,id mauris
ut tellus,tristique fusce
vestibulum velit,dui nec
cras mi,odio odio
pede posuere,quis orci
vehicula condimentum,pede morbi
egestas metus,justo in
ut nulla,venenatis tristique
id mauris,neque aenean
et ultrices,pellentesque ultrices
libero ut,varius nulla
vestibulum rutrum,id pretium
semper interdum,amet sapien
ullamcorper augue,vestibulum ac
ut erat,varius integer
sapien sapien,nunc nisl
vestibulum proin,eget eleifend
eget tempus,non mattis
sit amet,elementum ligula
velit nec,platea dictumst
cum sociis,urna ut
lacus purus,faucibus orci
sed ante,quis libero
luctus cum,vel accumsan
nulla sed,non velit
hendrerit at,velit vivamus
cras in,lacus at
id ligula,molestie lorem
ante ipsum,vivamus vel
mauris morbi,ligula suspendisse
a libero,nulla elit
dui proin,mi nulla
maecenas leo,ante ipsum
placerat praesent,lorem vitae
pellentesque eget,lectus pellentesque
ac lobortis,faucibus accumsan
vivamus metus,porttitor id
erat vestibulum,luctus et
at vulputate,in sagittis
lorem integer,dui nec
commodo vulputate,dapibus nulla
vulputate justo,orci vehicula
ultrices posuere,quis orci
rutrum at,turpis integer
elementum in,ac consequat
eget semper,nibh ligula
posuere cubilia,blandit nam
sapien varius,nullam varius
varius nulla,nullam sit
natoque penatibus,donec ut
amet eros,turpis eget
nunc donec,proin leo
libero nam,leo odio
orci luctus,congue risus
commodo placerat,ut erat
in blandit,quam nec
porttitor pede,imperdiet et
sed accumsan,vitae consectetuer
turpis a,lacus morbi
nulla tellus,sit amet
posuere cubilia,vulputate justo
auctor sed,nullam molestie
montes nascetur,parturient montes
convallis morbi,duis consequat
lectus vestibulum,nunc nisl
sapien non,nibh in
dui vel,rhoncus dui
duis mattis,tellus nisi
bibendum imperdiet,nulla dapibus
semper sapien,vel ipsum
aliquam convallis,fusce posuere
eu magna,in leo
mi nulla,mollis molestie
in quis,tortor eu
parturient montes,massa id
velit nec,velit eu
vel sem,a pede
massa tempor,ligula in
blandit non,eget nunc
nunc nisl,fermentum justo
nunc viverra,commodo placerat
rhoncus sed,diam vitae
morbi vestibulum,posuere cubilia
lobortis sapien,nec molestie
quam fringilla,etiam justo
a feugiat,lacinia eget
cursus vestibulum,dis parturient
tristique est,quam turpis
nunc viverra,ultrices libero
aliquam non,viverra dapibus
nibh in,in quis
aliquet at,libero quis
luctus ultricies,pede morbi
sociis natoque,mauris sit
tempus sit,purus phasellus
nulla quisque,nulla integer
at nibh,aliquam convallis
non pretium,in imperdiet
praesent id,faucibus cursus
pede ullamcorper,et magnis
volutpat eleifend,quis tortor
nulla ut,consectetuer eget
volutpat in,sit amet
consequat ut,lacus at
ante nulla,ac tellus
velit vivamus,accumsan tellus
vivamus tortor,quam pede
quis turpis,lectus pellentesque
luctus et,etiam faucibus
et magnis,dapibus dolor
viverra pede,pretium quis
dui vel,non pretium
nulla mollis,euismod scelerisque
pede justo,lobortis convallis
nunc nisl,leo rhoncus
in hac,pretium iaculis
id ligula,mi sit
hac habitasse,aenean lectus
aliquet ultrices,montes nascetur
ut volutpat,libero convallis
ut mauris,pede libero
eget eros,eget elit
ultrices libero,auctor gravida
neque vestibulum,sit amet
in hac,in congue
porttitor lorem,amet sapien
magna at,tristique in
nulla ut,dolor vel
enim in,integer a
maecenas rhoncus,morbi quis
leo pellentesque,hendrerit at
maecenas rhoncus,odio donec
justo sollicitudin,nascetur ridiculus
lobortis vel,quisque id
molestie hendrerit,consequat morbi
suspendisse potenti,in hac
adipiscing elit,ultrices enim
venenatis tristique,blandit nam
proin eu,curabitur at
sapien a,nascetur ridiculus
etiam vel,id nisl
molestie lorem,vivamus vestibulum
purus aliquet,est lacinia
vulputate justo,cursus urna
semper rutrum,ultrices phasellus
lobortis sapien,pharetra magna
mauris lacinia,phasellus id
eu interdum,quam nec
tincidunt in,duis bibendum
accumsan tortor,in magna
imperdiet sapien,lectus vestibulum
lectus pellentesque,curae nulla
sed justo,pellentesque ultrices
est quam,est congue
nibh fusce,dictumst morbi
bibendum morbi,magna at
elementum nullam,non interdum
tortor id,risus semper
sit amet,libero nam
donec dapibus,ultrices aliquet
in lectus,ullamcorper augue
interdum venenatis,erat tortor
volutpat convallis,donec diam
luctus tincidunt,nulla tempus
blandit nam,ut erat
nibh ligula,egestas metus
non interdum,semper interdum
erat volutpat,sapien varius
non quam,maecenas rhoncus
congue etiam,et magnis
nec condimentum,elit ac
turpis nec,morbi sem
tortor risus,congue risus
eros elementum,cum sociis
neque aenean,maecenas tincidunt
est quam,mus etiam
morbi sem,hendrerit at
vestibulum sit,eget orci
diam id,vestibulum velit
nibh in,maecenas leo
eu sapien,vestibulum ac
non velit,nulla justo
nunc donec,nulla pede
odio elementum,vel nisl
in libero,ipsum primis
sapien placerat,interdum in
vivamus in,condimentum curabitur
convallis nunc,in consequat
sem duis,rhoncus aliquam
eleifend quam,vehicula consequat
nonummy integer,sem duis
quam nec,diam neque
phasellus in,morbi quis
in blandit,vestibulum ante
pede justo,justo in
velit vivamus,volutpat eleifend
lacinia eget,sapien quis
justo eu,condimentum curabitur
amet diam,est et
semper sapien,integer ac
vel ipsum,ut massa
in faucibus,eros viverra
vivamus in,quis libero
proin risus,turpis nec
tortor sollicitudin,vestibulum vestibulum
volutpat sapien,sodales sed
aliquet maecenas,ipsum praesent
urna ut,rutrum rutrum
tempor turpis,adipiscing elit
lorem id,posuere felis
posuere felis,ultrices posuere
in tempus,ante ipsum
accumsan tortor,fusce posuere
mi sit,quam turpis
dignissim vestibulum,bibendum morbi
posuere cubilia,at dolor
blandit non,blandit mi
duis consequat,neque duis
justo sit,eget vulputate
dapibus augue,non sodales
dui proin,non interdum
sagittis sapien,morbi porttitor
elementum nullam,in felis
proin leo,et ultrices
ac nulla,vestibulum quam
integer pede,duis faucibus
lobortis est,hac habitasse
enim in,velit vivamus
rhoncus aliquam,nisl duis
suscipit ligula,vivamus in
